{
    "id": "plomori",
    "name": "OMORI SPOLSZCZENIE PO POLSKU",
    "description": "STUDIO KIEŁKUN",
    "version": "1.03.23",
    "files": {
      "plugins": ["js/plugins/"],
      "text_delta": ["languages/en/"],
      "data": ["data/"],
      "maps": ["maps/"],
      "assets": ["fonts/",
      "img/atlases/",
      "img/pictures/",
      "img/pictures/Sequence/",
      "img/animations/",
      "img/tilesets/",
      "img/characters/",
      "img/sv_actors/",
      "img/system/",
      "audio/bgm/",
      "audio/se/",
      "audio/me/",
      "movies/"],
      "exec": []
    }
  }